CODE,LOCATION,ADDRESS,LATITUDE,LONGITUDE,BRAND,APPROVE
L01,Baseline,"760 Dr Danister De Silva Mawatha, Colombo 00900",6.9424531,79.8766013,Laugfs,True
L02,Biyagama,Laugfs Super Market Biyagama,6.940681,79.984425,Laugfs,True
L03,Boralesgamuwa,"RWR2+JMV, Horana Rd, Boralesgamuwa",6.8334215,79.8945241,Laugfs,True
L04,Chilaw,"HQJW+F5W, Chilaw",7.5817787,79.7957388,Laugfs,True
L05,Delgoda,"No.48/7 New Kandy Rd, 11650",6.9880219,80.011381,Laugfs,True
L06,DS Borella,"WV5G+7GX, Colombo 00700",6.908246,79.8737825,Laugfs,True
L07,Ederamulla,"XWW7+VQ, No.291/1/C, Wattala",6.995779,79.9132546,Laugfs,True
L08,Hanwella,"40 High Level Rd, Hanwella",6.9023252,80.0848934,Laugfs,True
L09,Havelock Town,"252 Havelock Pl, Colombo 00500",6.8856692,79.8630631,Laugfs,True
L10,Hokandara,"VXJ5+4V7, Hokandara Rd, Hokandara",6.8802812,79.9570883,Laugfs,True
L11,Jubilee Post,"351 Galle Rd, Colombo 00600",6.8354837,79.8110733,Laugfs,True
L12,Kaduwela,"WXPJ+QVF, AB10, Kaduwela",6.9369282,79.9796037,Laugfs,True
L13,Kandana,"No.241 Negombo Rd, Ragama",7.0366682,79.896473,Laugfs,True
L14,Katubedda,"RV4M+3PQ, Soysapura Rd, Moratuwa",6.7888246,79.8641574,Laugfs,True
L15,Katunayaka,"5WHC+979, Katunayake-Veyangoda Rd, Katunayake",7.1581949,79.8896257,Laugfs,True
L16,Kelaniya,"310 Waragoda Rd, Peliyagoda",6.9583661,79.9050873,Laugfs,True
L17,Kesbawa,"107 Colombo - Horana Rd, Piliyandala",6.7951062,79.9336578,Laugfs,True
L18,Kiribathgoda,"60 Kandy - Colombo Rd, Kiribathgoda",6.9797444,79.926612,Laugfs,True
L19,Kohuwala,"VV8P+J25, B84, Nugegoda",6.8665245,79.8825381,Laugfs,True
L20,Kolonnawa,"WVJQ+XPH, Road, Kolonnawa 10600",6.9324308,79.8867749,Laugfs,True
L21,Koswatta,"WW5P+8F2, B240, Sri Jayawardenepura Kotte",6.9082667,79.9335686,Laugfs,True
L22,Kottawa,"364 Avissawella Rd, Pannipitiya 10230",6.8421626,79.9601778,Laugfs,True
L23,Kurunegala,"Ambepussa - Kurunegala - Trincomalee Hwy, Trincomalee",7.474081,80.3516214,Laugfs,True
L24,Maharagama,"129 High Level Rd, Maharagama 10280",6.84507,79.9279104,Laugfs,True
L25,Mattegoda,"No 193/20H, Polgasowita",6.8113771,79.9730276,Laugfs,True
L26,Moratuwa,"06 Old Galle Rd, Moratuwa 10400",6.8052121,79.8081556,Laugfs,True
L27,Negombo,"6V33+222, Negombo",7.2060848,79.8440507,Laugfs,True
L28,Negombo-2,"Rajapakse Broadway, Negombo",7.2096481,79.8359927,Laugfs,True
L29,Nugegoda,"VV8P+J25, B84, Nugegoda",6.8665245,79.866064,Laugfs,True
L30,Pelawatta,"VWRH+C5X, Sri Jayawardenepura Kotte",6.8911186,79.9254149,Laugfs,True
L31,Pepiliyana,"No: 68 Pepiliyana Rd, Nugegoda",6.8615546,79.8925084,Laugfs,True
L32,Pitakotte,"No.338 Kotte Rd, Sri Jayawardenepura Kotte 10100",6.8832052,79.8994188,Laugfs,True
L33,Raddolugama,"4VQX+5WV, Katunayake",7.1379864,79.897225,Laugfs,True
L34,Rajagiriya,"1070 Sri Jayawardenepura Mawatha, Sri Jayawardenepura Kotte 10100",6.907645,79.8980634,Laugfs,True
L35,Rathmalana,"Gonaakowila S weerasena silva rd, ratmalana 5A, S Weerasena silva mw",6.8113568,79.8344401,Laugfs,True
L36,Seeduwa,"4VJG+CJ5, Negombo",7.1310197,79.8740202,Laugfs,True
L37,Wattala,"No .08 Hendala Rd, Wattala 11300",6.9910198,79.8832669,Laugfs,True
L38,Wellawatta,"351 Galle Rd, Colombo 00600",6.8715543,79.8525956,Laugfs,True
L39,Werahera,"RWG5+36R, Boralesgamuwa 10290",6.825243,79.9054252,Laugfs,True
14001,DELKANDA,"Nugegoda Delkanda Apartment, High Level Rd, Nugegoda 10250",6.8618093,79.9021526,Softlogic Supermarket,True
14003,ASIRI CENTRAL,"3rd Place, Asiri Central Hospital, 01000",6.9205391,79.8631308,Softlogic Supermarket,True
14004,ASIRI KANDY,Softlogic GLOMARK Essentials - Peradaniya,7.2742831,80.6087316,Softlogic Supermarket,True
14005,KURUNEGALA,"75 Colombo Road, Kurunegala",7.4844539,80.3612803,Softlogic Supermarket,True
14006,KOTTAWA,"1285 High Level Rd, Pannipitiya",6.8392171,79.9763988,Softlogic Supermarket,True
14007,NEGOMBO,"180 St Joseph's St, Negombo 11500",7.2055266,79.845281,Softlogic Supermarket,True
14008,NAWALA,"268 Nawala Rd, Sri Jayawardenepura Kotte 10100",6.888536,79.8850743,Softlogic Supermarket,True
14009,MOUNT - LAVINIA,"282 Galle Rd, Dehiwala-Mount Lavinia 10370",6.8363241,79.8640786,Softlogic Supermarket,True
14010,MALABE,"604 Athurugiriya Rd, Malabe 10115",6.8940246,79.958491,Softlogic Supermarket,True
14011,CR FC,"28 Malalasekara Mawatha, Colombo 00700",6.9011878,79.8684319,Softlogic Supermarket,True
14012,THALAWATHUGODA,THALAWATHUGODA,6.8840289,79.9305048,Softlogic Supermarket,True
14013,KANDANA,"135 Negombo Road, Rilaulla, Kandana",7.0553708,79.8936074,Softlogic Supermarket,True
14014,KANDY - MCC,"ODEL Mall, Kandy",7.2860018,80.6237905,Softlogic Supermarket,True
14015,WATTALA,"XVVR+GV9, Wattala 11300",6.9937847,79.8896595,Softlogic Supermarket,True
A01,Wattala SC,"155 Old Negombo Rd, Wattala 11300",6.983389,79.885627,Arpico,True
A02,Borelasgamuwa SS,"RWR3+C24, Boralesgamuwa",6.8410022,79.899986,Arpico,True
A03,Hyde Park SC,"2, 69 Hyde Park Corner, Colombo 00200",6.9175873,79.8585189,Arpico,True
A04,Nawinna SC,"310 High Level Rd, Maharagama 10280",6.8529935,79.9141107,Arpico,True
A05,Matara SC,"WGVF+V7H, A2 Matara Road, Matara",5.9446764,80.5137183,Arpico,True
A06,Panadura SC,"542 Galle Rd, Panadura",6.7076101,79.9055465,Arpico,True
A07,Kottawa SS,"296 Avissawella Rd, Pannipitiya",6.8365824,79.9649907,Arpico,True
A08,Galle SC,"181 Matara Rd, Galle 80000",6.0371021,80.2275266,Arpico,True
A09,Malabe SS,"No. 741, Malabe",6.9061348,79.9459883,Arpico,True
A10,Kurunegala SC,Kurunegala,7.4774404,80.3383712,Arpico,True
A11,Kohuwala SC,"S, 89 S. De S. Jayasinghe Mawatha, Dehiwala-Mount Lavinia",6.879293,79.8561455,Arpico,True
A12,Homagama SC,"47 Avissawella Rd, Homagama 10200",6.8406915,79.9768526,Arpico,True
A13,Yakkala SS,"32MH+6XF, Yakkala",7.0830697,80.0273303,Arpico,True
A14,Kegalle SC,"783R+FH7 Arpico super center, Kegalle",7.2536707,80.3388491,Arpico,True
A15,Thalawathugoda SC,"junction, 1034/V, Kumarage watta, Battaramulla - Pannipitiya Rd, Sri Jayawardenepura Kotte",6.8523564,79.9023066,Arpico,True
A16,Wattala-2 ADA,"Gemunu Palace Cinema, Near, Negombo - Colombo Main Rd, Wattala 11300",6.983389,79.885627,Arpico,True
A17,Kochchikade SC,Kochchikade ,7.2693498,79.8602015,Arpico,True
A18,Kundasale SS,Kundasale,7.2800245,80.6723297,Arpico,True
A19,Katugastota SC,"Nittawela Junction Bus Stop, Katugastota Rd, Kandy",7.3171252,80.6272529,Arpico,True
A20,Minuwangoda SC,"5WCV+M93, Katunayake Road, Minuwangoda",7.1716643,79.940845,Arpico,True
A21,Katukurunda SC,Katukurunda 12000,6.5587753,79.9659406,Arpico,True
A22,Seeduwa SC,"No: 600 Negombo Rd, Seeduwa 11410",7.1431849,79.8719422,Arpico,True
A23,Kiribathgoda SS,"123 Kandy Rd, Kelaniya 11600",7.0595398,79.8295168,Arpico,True
A24,Ragama Daily,Arpico Daily - Ragama,7.0274426,79.9224167,Arpico,True
A25,Athurugiriya Daily,112 Athurugiriya Rd,6.8783428,79.986067,Arpico,True
A26,Weliweriya Daily,"132/24 B New Kandy Rd, Weliweriya",7.0301822,80.0264964,Arpico,True
A27,Kuliyapitiya Daily,"F2FW+926, Kuliyapitiya",7.4734048,80.0424318,Arpico,True
A28,Ambalangoda Daily,"63M3+5RF, Ambalangoda",6.2329414,80.0519811,Arpico,True
A29,Wennapuwa Daily,"8RXQ+WCG, Peragas Junction, Road,, Wennappuwa",7.3498185,79.835991,Arpico,True
A30,Aththiditya Daily,"RVMP+76X, B389, Dehiwala-Mount Lavinia",6.8054405,79.4421323,Arpico,True
A31,Kandana Daily,"88 Negombo Rd, Kandana",7.0512105,79.8940493,Arpico,True
A32,Mulleriyawa Daily,"Mulleriyawa, Colombo",6.9369712,79.9799444,Arpico,True
A33,Chilaw Daily,Chilaw,7.5764624,79.7958755,Arpico,True
A34,Ambatenna Daily,"48 Matale Rd, Ambatenna",7.3481636,80.6140162,Arpico,True
A35,Watareka Daily,"Avissawella Rd, Padukka",6.8558974,80.0634892,Arpico,True
A36,Rathnapura Main Arpico Daily,Arpico Daily - Ratnapura,6.6808602,80.4104634,Arpico,True
A37,Anuradhapura Arpico Daily,"Anuradhapura, Sri Lanka",8.35647,80.41726,Arpico,True
A38,Pelmadulla Arpico Daily,"Pelmadulla Division, Ratnapura, Sri Lanka",6.6234616,80.5431388,Arpico,False
A39,Battaramulla SC,Battaramulla SC,6.8979941,79.9222869,Arpico,False
A40,Arpico SuperCentre Dehiwala,Arpico SuperCentre Dehiwala,6.846739,79.8662806,Arpico,False
A41,Arpico SuperCentre Gampaha,Arpico SuperCentre Gampaha,7.091704,79.99962,Arpico,True
A42,Arpico SuperCentre Wellawatte,Arpico SuperCentre Wellawatte,6.8740921,79.8604934,Arpico,True
A43,Arpico SuperCentre Negombo,Arpico SuperCentre Negombo,7.207204,79.843088,Arpico,False
A44,Arpico SuperCentre Kandy,Arpico SuperCentre Kandy,7.2808433,80.6204147,Arpico,True
A45,Arpico SuperCentre Piliyandala,Arpico SuperCentre Piliyandala,6.7985816,79.9297499,Arpico,False
A46,Arpico SuperCentre Kalutara,Arpico SuperCentre Kalutara,6.5587753,79.9685209,Arpico,False
A47,Arpico SuperCentre Gelioya,Arpico SuperCentre Gelioya,7.2153151,80.5979973,Arpico,False
A48,Arpico SuperCentre Haloluwa,Arpico SuperCentre Haloluwa,7.3018682,80.593833,Arpico,False
1017,FC STAPLES STREET,"21,  Staples  Street,  Colombo  02",6.9201578,79.8558913,Cargills,False
1018,FC KANDY,"3 ,  Dalada  Veedia ,  Kandy .",7.2928882,80.6369967,Cargills,True
1033,FC MAJESTIC CITY,"Majestic  City  ,  10 , Station Road , Colombo  04",6.8939546,79.8547111,Cargills,True
1015,FC BANDARAWELA,"7 , Welimada  Road ,  Bandarawella",6.8310177,80.9883808,Cargills,False
1020,FC NUWARA ELIYA,"90 , Kandy  Road ,  Nuwaraeliya .",6.9759987,80.7657155,Cargills,False
1005,FC FORT,"40 , York Street ,  Fort ,  Colombo  01",6.9364053,79.8448963,Cargills,True
1076,FC KURUNEGALA,"44 , Negombo  Road , Kurunegala .",7.4884538,80.3608299,Cargills,True
1083,FC MATARA,"60 , Anagarika Dharmapala Mw , Matara .",5.9494158,80.5447271,Cargills,True
1084,FC WATTALA,"315 , Negombo  Road , Wattala .",6.9849037,79.8885137,Cargills,True
1106,FC DEHIWALA,"65 A ,  Galle  Road , Dehiwala .",6.8776684,79.860453,Cargills,False
1104,FC RATNAPURA,"Municipal Commercial Complex ,Old Bus Stand Site,Nagarasaba Pedesa, Ratnapura",6.7055742,80.3847345,Cargills,False
1105,FC COLPETTY,"407 , Galle  Road , Colpetty .",6.9026651,79.8525143,Cargills,False
1107,EX THIMBIRIGASYAYA,"90 , Thimbirigasyaya   Road , Colombo 05",6.8909812,79.8665045,Cargills,False
1201,EX MATARA,"No. 1,  Bus Stand Site, Matara",5.9496309,80.5468529,Cargills,False
1301,EX MALIGAWATTE,"301, Pradeepa Mawatha, Colombo 10",6.9351549,79.8713299,Cargills,True
1111,FC KEGALLE,"447 / 2 , Kandy  Road , Kegalla .",7.2546277,80.3551265,Cargills,True
1114,FC ALUTHGAMA,"303 , Main  Street , Aluthgama .",6.4345732,80.0003875,Cargills,True
1108,FC KOTAHENA,"108 , George R. de Silva  Mw , Kotahena .",6.9477493,79.8613645,Cargills,True
1117,FC AMBALANGODA,"98 A , New Road , Ambalangoda .",6.2441521,80.0590804,Cargills,True
1109,FC PARK ROAD,"213 , Park  Road , Off Elvitigala Mw , Colombo 05",6.8878632,79.8730399,Cargills,False
1115,FC BERUWELA,"162 ,  Galle  Road , Beruwela .",6.4672736,79.9867004,Cargills,False
1113,FC KATUGASTOTA,"271 A , Katugastota  Road , Kandy .",7.314142,80.6316726,Cargills,False
1133,FC WARAKAPOLA,"97 , Kandy  Road , Warakapola",7.2285555,80.200415,Cargills,True
1303,EX ALEXANDRA PLACE,"75, C.W.W. Kannangara Mw. Colombo 7",6.9113706,79.8649632,Cargills,False
1124,FC MATALE,"99 A , King  Street , Mathale",7.4710132,80.6227733,Cargills,False
1305,EX HAVELOCK ROAD,"323, Havelock Rd. Coombo 6",6.8822655,79.8694338,Cargills,True
1116,FC AVISSAWELLA,"91 ,  Ratnapura  Road , Avissawella .",6.9287031,80.2171978,Cargills,False
1121,FC GALLE,"24 & 26 ,  Gamini  Mawatha , Galle ",6.0331557,80.2155487,Cargills,False
1130,FC MOUNT LAVINIA STC,"270 , Galle  Road , Mount Lavinia .S.T.C",6.8255056,79.8724769,Cargills,False
1138,FC EMBILIPITIYA,"51 , Nonagama   Road , Embilipitiya .",6.3162324,80.8433145,Cargills,False
1120,FC ANURADHAPURA,"248 , Main street , Anuradhapura .",8.3191966,80.3990307,Cargills,False
1137,FC MUTUWAL,"54 /1 , Centre  Road, Mattakkuliya .",6.9716722,79.8786833,Cargills,True
1308,EX BAMBALAPITIYA,"762, Galle Rd. Colombo 4",6.8948345,79.8548386,Cargills,True
1139,FC BALANGODA,"157 , Old Road , Balangoda .",6.6668611,80.7048084,Cargills,True
1145,FC MARADANA,"585 , Maradana  Road , Maradana .",6.9326358,79.8602394,Cargills,True
1125,FC BADULLA,"18 , Dharmadutha Road, Badulla .",6.9880802,81.0601358,Cargills,True
1146,FC VAVUNIYA,"137, Kandy Road , Vauniya .",8.7523234,80.4978399,Cargills,False
1157,FC PILIMATALAWA,"178, Colombo Road , Pilimathalawa.",7.2651202,80.5579114,Cargills,True
1158,FC DAMBULLA,"643, Anuradhapura Road,  Dambulla",8.3110811,80.4222027,Cargills,False
1159,FC AKURANA,"281, Matale Road , Akurana.",7.369326,80.617162,Cargills,False
1150,FC HAMBANTOTA,"Thissa Road,  Hambanthota.",6.364285,81.3199063,Cargills,False
1164,FC HATTON,"171, Dimbulla Road  ,  Hatton.",6.8927975,80.5972816,Cargills,True
1170,FC KUNDASALE,"Bamunupola Watta,  Kundasale.",7.3654715,80.6042434,Cargills,True
1169,FC TANGALLE,"No.4,Mahawela Rd,  Tangalle.",6.0243383,80.7940726,Cargills,True
1187,FC KARAPITIYA,"Namal Traders, Karapitiya.",6.0705817,80.2251603,Cargills,True
1186,FC EHELIYAGODA,"No.44, Main Street , Eheliyagoda",6.8485638,80.26001,Cargills,True
1188,FC GAMPOLA,"No.8/8, Nawalapitiya Road, Gampola.",7.1644479,80.5708044,Cargills,True
1316,EX TRINCOMALEE,Linganagar Service station (MPCS),8.5768576,81.2098826,Cargills,False
1199,FC MAWANELLA,"No.22/C ,Kandy Road   Mawanella.",7.2535678,80.4476284,Cargills,True
1162,FC TRINCOMALEE,"No.190, Thirugnanasampanthan Street, Trincomalee.",8.5873638,81.2152121,Cargills,True
1278,FC KULIYAPITIYA,"No. 183 , Hettipola Road , Kuliyapitiya",7.4730749,80.0447041,Cargills,True
1279,FC BANDARAGAMA,"No. 51 , Panadura Road , Bandaragama .",6.7145042,79.989068,Cargills,True
1281,FC PANNALA,"No. 33, Kuliyapitiya Road,  Pannala.",7.330053,80.0254128,Cargills,True
1288,FC BATTICALOA,"No. 67, St. Anthonys Street,  Batticaloa",7.7142512,81.6951774,Cargills,False
1286,FC DHARGA TOWN,"No. 321/3,  Main Street,  Dhargatown",6.4447452,80.0168602,Cargills,False
1289,FC NAWALAPITIYA,"No. 51, Gampola Road,  Nawalapitiya.",7.2129247,80.5985304,Cargills,False
1294,FC AMPARA,"Reegal Cinama ,  Nidahas Mawatha , Ampara.",7.3017563,81.6747295,Cargills,True
1291,FC DICKMANS ROAD,"No. 15, Dickmans Road , Bambalapitiya.",6.8868953,79.8589319,Cargills,True
1292,FC GRANDPASS,"No. 130/C,  Layards Broadway,  Granpass,  Colombo  14.",6.9442148,79.8671381,Cargills,True
1297,FC MONERAGALA,"No. 105, Wellawaya Road,  Monaragala",6.8715767,81.3502161,Cargills,False
1298,FC IPALOGAMA,"Ranajayapura, Ipalogama.",8.0720588,80.5480118,Cargills,True
1412,FC PALMADULLA,"No.115, Rathnapura road, Pelmadulla.",6.9465934,80.2150728,Cargills,False
1419,FC JAWATTA,"No 60, Jawatta Road, Thimbirigasyaya.",6.8950029,79.8667171,Cargills,True
1411,FC DUPLICATION,"No. 450 E, R A De Mel Mawatha, Colombo 03",6.9023722,79.8544768,Cargills,False
1422,FC MANIPPAY,"No. 120 Jaffna Road, Manipay.",9.694305,80.0155851,Cargills,False
1432,FC KANNATHTHIDI,"No. 54, Kannathiddy Road, Jaffna",9.6711897,80.0116138,Cargills,True
1425,FC AKKARAIPATHTHU,"No.143/B 1, Kalmunai road, Akkaraipattru.",7.2209897,81.8499615,Cargills,False
1424,FC KALMUNEI,No. 1034/1 Kalmunai 14,7.4143831,81.8306334,Cargills,False
1433,FC NORRIS CANAL,"No. 25,   Norris Canal Road , Colombo 10",6.9224477,79.8659523,Cargills,True
1323,EX TRILLIUM RESIDENCE,"No. 153, Elvitigala Mawatha, Colombo 08",6.9039429,79.877699,Cargills,False
1428,FC WARIYAPOLA,"No. 107, Kurunegala Road, Wariyapola.",7.6202257,80.245668,Cargills,False
1321,EX KURUWITA,"No 96, Main Road, Kuruwita,",6.8218403,80.3615079,Cargills,False
1322,EX RUWANWELLA,"No.114, Main Street, Ruwanwella.",7.0861437,80.2750658,Cargills,False
1319,EX DIGANA,"Methsiripaya, New Town, Rajawella, Digana.",7.2963549,80.7301035,Cargills,True
1434,FC KADURUWELLA,"No. 896, Batticaloa Road, Kaduruwela",7.9286977,81.0340589,Cargills,True
1431,FC KILINOCHCHI,"No. 7-10 Anthoneypillai Building, Karadibokku, Kilinochchi.",9.3802886,80.3769999,Cargills,False
1327,EX SUWARAPOLA,"No. 428, Moratuwa Rd, Suwarapola, Piliyandala.",6.7943316,79.9041149,Cargills,True
1326,EX KOTIYAKUBURA,"No. 146, Ruwanwella Road, Kotiyakumbura.",7.2185001,80.204841,Cargills,False
1420,FC MANCHANTHODUWAI,"No. 488 New Kalmunai Road, Manchanthoduwaii",7.7212716,81.7035739,Cargills,False
1435,FC WELIMADA,"No. 11 Boralanda Road, Welimada",6.8941143,80.8703383,Cargills,False
1429,FC BATTICALOA 02,"No.03, Gnanasooriyam Square, Trinco Road, Batticaloa.",7.7260247,81.6903646,Cargills,True
1331,EX BENTOTA,"No. 118, Pahurumulla, Galle Road, Bentota",6.4255312,79.997709,Cargills,True
1430,FC GALEWELA,"No. 210, Kalawewa Junction, Galewala",7.7597527,80.5709748,Cargills,True
1443,FC PUTTALUM,"No. 97B, Kurunagala Road, Puttalam.",7.4521165,80.3452543,Cargills,False
1439,FC POTHUVIL,"Kaleej Front Buildingâ€, Main Street, Pothuvil.",6.8752706,81.8306334,Cargills,False
1446,FC WARD PLACE,"No. 48, Ward Place, Colombo-07",6.9159721,79.8701853,Cargills,True
1448,FC ERAVUR,"No. 42,44, Main street, Eravur",7.7768972,81.6042028,Cargills,True
1341,EX MELSIRIPURA,"Cargills Food City Express, Dambulla Road , Melsiripura",7.6378926,80.5051478,Cargills,True
1342,EX NELLIYADI,"No.163, Jaffna Road, Nelliyady.",9.6943052,80.0155802,Cargills,False
1453,FC SAMANTHURAI,"No. 32/2, Ampara Road,Viliniyady Junction,Sammanthurai.",7.3643792,81.8044054,Cargills,False
1343,EX BELIATTA,"No. 52, Tangalle Road, Beliatta",6.0481573,80.7339144,Cargills,False
1457,FC THISSAMAHARAMA,"No. 142, Hambantota Road, Thissamaharama",6.2791538,81.2876691,Cargills,True
1339,EX MIDDENIYA,"Liyanage Building, Weeraketiya Road, Middeniya.",6.2456851,80.7655493,Cargills,False
1335,EX GALGAMUWA,"No. 37, Anuradhapura Road, Galgamuwa",7.992446,80.2689462,Cargills,True
1338,EX MALWANA,"No.52/10/A Main Street, Malwana",6.947975,80.0145596,Cargills,True
1455,FC CHUNNAKAM,"No. 91, K. K. S. Road, Chunnakam.",9.7387528,80.0248317,Cargills,True
1350,EX MATALE ROSE ST,"No. 1/15, Rose Street,Matale.",7.4707049,80.6238192,Cargills,True
1324,EX ALAWWA,"No. 151, Giriulla Road,Alawwa.",7.2396301,80.125241,Cargills,False
1352,EX SOUTHERN HIGHWAY A,"Cargills Food City Express A ,Canowin Arcade ,Welipenna Rest area.",6.4683752,80.0795258,Cargills,True
1353,EX SOUTHERN HIGHWAY B,"Cargills Food City Express B,Canowin Arcade,Welipenna Rest area.",6.4683752,80.0795258,Cargills,False
1464,FC PALLEKELE,"No. 396, Digana Road, Pallekele",7.294184,80.7380716,Cargills,True
1155,FC AMBALANTHOTA,"No 129, Jayantha Building, Tangalle Road, Ambalantota.",6.1258545,81.110808,Cargills,False
1444,FC GALLE 02,"No. 10/8, Wakwella Road, Galle",6.035213,80.2171656,Cargills,False
1349,EX KARANDENIYA,"No.343, MAHAHENDHANDA, KARANDENIYA",6.2683217,80.0898085,Cargills,True
1460,FC KATUGASTOTA2,"No. 452, Katugastota road, kandy",7.3209701,80.6275694,Cargills,False
1355,EX ERIYAGAMA,"No.180, Colombo road, Eiryagama.",6.9350815,79.9845577,Cargills,False
1466,FC AMBALANGODA2,"No. 37, New Road, Ambalangoda.",6.2441521,80.0590804,Cargills,True
1364,EX DEANS ROAD,"No. 153, Deans Road,Colombo 10",6.9246891,79.8651595,Cargills,True
1375,EX BUTTALA,"No. 36, Monaragala Road,Buttala.",6.7619287,81.2504407,Cargills,True
1459,FC AKURESSA,"No.83 Matara Road,Akuressa",5.9682934,80.3722812,Cargills,False
1467,FC GATAMBE,"No.496, Gatambe, Peradeniya.",7.271285,80.5979973,Cargills,True
1379,EX GINIGATHHENA,"No.120/1 ,Nawalapitiya Road,Ginigathhena",7.0549359,80.5343204,Cargills,False
1357,EX AMPITIYA,"No. 63 Kandy Road,Ampitiya.",7.2922664,80.6320435,Cargills,False
1469,FC WELIGAMA,"No. 454,Old Galle Road,Weligama.",5.9773782,80.4288487,Cargills,True
1370,EX HIKKADUWA,"No. 162 Galle Road,Hikkaduwa",6.1431515,80.0996329,Cargills,False
1372,EX DERANIYAGALA,"No. 58, Dehiowita Road,Deraniyagala",6.9349198,80.3380213,Cargills,True
1366,EX HABARADUWA,"Dassana Building,Galle Road,Habaraduwa.",6.0164711,80.2487968,Cargills,False
1381,EX HABARANA,"No. 72,Trincomalee  Road,Habarana.",7.7163769,81.6986759,Cargills,False
1371,EX WATTEGAMA,"No. 31, Matale Road, Wattegama",7.3651474,80.6168886,Cargills,False
1148,FC JAFFNA,"No.420, Hospital Road,Jaffna.",9.6651936,80.0137541,Cargills,True
1471,FC COTA ROAD,"No. 260, N.M Perera Mawatha, Cota Road, Colombo 08",6.913648,79.8827858,Cargills,False
1377,EX IBBAGAMUWA,"No. 5, Dambulla Road, Ibbagamuwa.",7.7170964,80.5504311,Cargills,False
1470,FC WELLAWAYA,"No. 32 Hambanthota Road,Wellawaya.",6.1183591,81.0697335,Cargills,False
1368,EX GODAKAWELA,"Main Street, Godakawela.",6.504906,80.6521139,Cargills,True
1383,EX MADAWACHCHIYA,"No. 102, Jaffna Road,Medawachchiya.",8.3924924,80.4408805,Cargills,False
1360,EX GELIOYA,"No,35/D, Peradeniya Road,Gelioya.",7.2816136,80.6209311,Cargills,False
1386,EX RAMBUKKANA,"No 57, Mawanella Road,Rambukkana.",7.2528432,80.4465493,Cargills,False
1385,EX DENIYAYA,No. 04 Pallegama Road Deniyaya.,6.3159694,80.5171662,Cargills,False
1475,FC MATHUGAMA,"No. 93, Kalutara Road,Mathugama",6.5223394,80.1121459,Cargills,False
1387,EX KATUGODA,"No. 1/389, Matara Road,Katugoda, Galle",6.0340143,80.2354549,Cargills,True
1484,FC MARINE CITY,"No 46, Station Road,Dehiwala.",6.8509257,79.8626531,Cargills,False
1481,FC MATALE2,"No. 666,Trincomalee street,Matale",7.3027377,80.6358927,Cargills,False
1394,EX GALAGEDARA,"No. 200/C Hospital Junction, Galagedara.",7.3699683,80.5327324,Cargills,True
1393,EX MULLAITTIVE,"No 197, P.W.D.Road , Mullathiv",22.6524214,88.3758803,Cargills,False
1717,EX POOJAPITIYA,"No 6/1/C, Owissa Road, Poojapitiya.",7.3792131,80.5910567,Cargills,True
1726,EX ANAMADUWA,"No 106, Puttalama Road, Anamaduwa.",7.8799403,80.0086588,Cargills,True
1727,EX MAGGONA,"No. 396/5, Galle Road, Maggona",6.472375,79.9845026,Cargills,True
1728,EX ASCON RESIDENCE,"No. 608-1/35, Dr. Danister de Silva Mawatha, Dematagoda.",6.9379638,79.878569,Cargills,True
1724,EX NELUWA,"No. 10, Sawijaya Building, Dellawa Road, Galle.",6.3669453,80.4002941,Cargills,False
1490,FC NARAMMALA,"No. 161, Negombo Road,Narammala.",7.4272644,80.2140722,Cargills,True
1718,EX AHANGAMA,"No.55/A,Galle Road, Piyadigama, Ahangama.",6.4190267,80.0024827,Cargills,False
1735,EX MALKADUWAWA,"FOOD CITY  EXPRESS â€“MALKADUWAWA,Molawatta, Malkaduwawa,Kurunegala.",7.4740428,80.3421984,Cargills,False
1739,EX MAKULUDUWA,"No 16 B,Makuluduwa,Piliyandala.",6.815868,79.9265931,Cargills,True
1736,EX KATARAGAMA,"No 53/1/1/2, Sella Road, Kataragama.",6.4135463,81.3325679,Cargills,False
1741,EX MANNAR,"No Road 01 ,Pallimulei Mannar",8.9809743,79.9044149,Cargills,True
1738,EX KALMUNAI,"Cargills Food City, Saindhamaruthu, Kalmunai",7.4137924,81.8272433,Cargills,True
1743,EX KEKIRAWA,"No 15, Malawa Village,Central Road, Kekirawa",8.042103,80.593833,Cargills,True
1745,EX RAHULA JUNCTION,"No. 39,Perera MW,Buthgamuwa Rd,Rajagiriya",6.9142024,79.9050221,Cargills,True
1746,EX MALIGAWATTE2,"No.227, Saddharma Mawatha, Maligawatte, Colombo 10",6.9386902,79.8747583,Cargills,True
1749,EX ALADENIYA,"No. 418/A, Kurunegala Road,Aladeniya,Werallagama â€“ Kandy.",7.330693,80.5688428,Cargills,False
1550,FC MATARA 02,"No. 28,37 ,Araliya Mawatha ,Kotuwegoda ,Matara.",5.9441958,80.5547718,Cargills,False
1559,FC ANURADHAPURA 02,"No.46 Maithreepala Senanayeke Mawathe,Anuradapura",8.3192025,80.3990352,Cargills,False
1498,FC KURUNEGALA 03,"Cargills food city No.200/Colombo road,Kurunegala - 03",7.4817695,80.3608876,Cargills,False
1571,FC DAMBULLA 02,"No.166, Kurunegala Rd, Dambulla",7.8678015,80.6460586,Cargills,True
1567,FC KEGALLE 02,"No: 75/10, Hitinawatta Rd, Nidahas Mw, Kegalle",7.2513317,80.3463754,Cargills,True
1584,FC MAHIYANGANAYA,"NO.113,TILE FACTORY RD,MAHIYANGANAYA",7.342896,80.9932316,Cargills,False
1756,EX BINDUNUWEWA,"Cargill Food City - Express, HILL SIDE, BINDUNUWEWA",6.8431887,81.002301,Cargills,False
1579,FC MIRISSA,"Mahawaththa,  Galle Road, Mirissa.",5.948262,80.4715866,Cargills,True
1760,EX THALDUUWA,"No. 499/A, Thalduwa, Avissawella",6.9671512,80.229343,Cargills,False
1589,FC ALUTHGAMA 02,"No:107 or 107/3, Galle Rd, Kaluwamodara, Aluthgama",6.435942,79.9964238,Cargills,True
1592,FC PILIMATHALAWA 02,"No. 231 ,Urapola, Pilimathalawa.",7.2640563,80.5389834,Cargills,True
1759,EX MARADANA 02,"205 1/1 ,Maradana Road ,Colombo 10.",6.9189885,79.8731836,Cargills,False
1763,EX URAGASMANHANDIYA,"No. 5 , L.S.Mawatha ,Uragasmanhandiya.",6.349044,80.0978637,Cargills,False
1762,EX NAWAGAMUWA,"No. 847 ,Avissawella Road, Nawagamuwa.",6.9318049,80.0071384,Cargills,False
1597,FC RAMBUKKANA,"No:35,DM Dissanayake Kumarathunga Mawatha, Rambukkana",7.3135237,80.3881333,Cargills,True
1768,EX ELPITIYA,"No. 22 A , Pituwala Road, Elpitiya",6.2870306,80.1640409,Cargills,False
1902,FC COLOMBO CITY CENTER,"No 137, Sir James Pieris Mawatha, Colombo 02",6.9180466,79.8551837,Cargills,False
1766,EX PINNADUWA FAIRWAY,"South Tower , Fairway Residencies , Pinnaduwa ,Galle.",6.9091439,79.9053376,Cargills,False
1546,FC RATNAPURA 03,"No.496 Colombo Rd, Weralupa, Rathnapura",6.6808202,80.3985523,Cargills,True
1594,FC JAYA ROAD,"No.1594, Food City Jaya Road, Colombo 04",6.88653,79.8549241,Cargills,False
1770,EX PALAPATHWELA,"R.R.B.BANK BULDING, PALAPATHWALA",7.5302283,80.626076,Cargills,False
1548,FC BIYAGAMA,"No.452, New Kandy Rd, Biyagama",6.9507217,79.9935101,Cargills,True
1545,FC GLORIOUS RESIDENCE,"No.167 Bandaranayeka Rd,Colombo 12",6.8697659,79.865775,Cargills,False
1761,EX NARAHENPITA,"No.522,Elvitigala Mawatha, Narahenpita",6.8932836,79.8767898,Cargills,True
1600,EX GALAHA ROAD,"No. 24 ,Galaha Road ,Peradeniya.",7.2444774,80.598712,Cargills,True
1773,EX UNAWATUNA,"No.134 Matara Rd, Unawatuna",6.0197503,80.2475964,Cargills,True
1608,FC KOLLUPITIYA 02,"No. 271/1 ,Galle Road ,Colpetty",6.908723,79.8499807,Cargills,False
1774,EX DEHIWALA,"No.21, Hill Street, Dehiwala.",6.8513282,79.8667247,Cargills,True
1616,FC POLONNARUWA,"No.13, f1, Hospital Junction, Polonnaruwa",7.9426827,81.0116445,Cargills,False
1776,EX MALIGAWATTE 03,"No. 67, Pradeepa Rd, Maligawatta , Colombo 10",6.9350558,79.869745,Cargills,True
1772,EX LABUDUWA,"No. 52/A Thotagoda, Akmeemana",6.0741647,80.2425869,Cargills,False
1777,EX RIKILLAGASKADA,"No.54, Dimbulkumbura Rd, Rikillagaskada",7.1450885,80.7852142,Cargills,False
1778,EX DEVINUWARA,"No.144G/144H Tangalle Rd, Devinuwara",5.9452006,80.555688,Cargills,False
1497,FC DEMATAGODA 02,"02 Dematagoda Road, Maligawatta, Colombo 00900, Sri Lanka",6.9304602,79.8739752,Cargills,True
1549,FC BOMIRIYA,"Bomiriya, Western Province, Sri Lanka",6.9344434,79.9961936,Cargills,True
1555,FC BLOEMENDHAL,"Bloemendhal, Colombo, Western Province, Sri Lanka",6.9529494,79.8702837,Cargills,True
1607,FC GAMPOLA 02,"02 Gampola Road, 20400, Sri Lanka",7.2103804,80.5983986,Cargills,False
1614,FC KOLONNAWA 02,"02 Kolonnawa Road, Kolonnawa 10600, Sri Lanka",6.9298301,79.8947387,Cargills,True
1619,FC KULIYAPITIYA 02,"02 Pannala - Kuliyapitiya Road, Kuliyapitiya 60200, Sri Lanka",7.4471878,80.0287814,Cargills,False
1650,FC W. A. SILVA MAWATHA,"W. A. Silva Mawatha, Wellawatte, Colombo 00600, Sri Lanka",6.876094,79.8635448,Cargills,True
1651,FC KARAPITIYA 02,"02 Karapitiya Road, Pilana 80120, Sri Lanka",6.0351499,80.2892727,Cargills,False
1655,FC WALGAMA,"Walgama, Southern Province, Sri Lanka",5.9463714,80.5132818,Cargills,True
1659,FC MATALE 03,"03 Kandenuwara - Matale Road, Bandarapola 21300, Sri Lanka",7.3733183,80.6179237,Cargills,False
1661,FC GREEN PATH,"Green Path, 10250, Sri Lanka",6.8649091,79.8843596,Cargills,True
1663,FC KIRIBATHKUMBURA,"Kiribathkumbura, Eriyagama, Central Province, Sri Lanka",7.2679259,80.5749643,Cargills,True
1664,FC THANIPOLGAHA JUNCTION,"Thanipolgaha Junction (Galle), Southern Province, Sri Lanka",6.0459387,80.2252201,Cargills,True
1667,FC AVISSAWELLA 02,"02 Avissawella-Ratnapura Road, Avissawella 10700, Sri Lanka",6.9336083,80.2166177,Cargills,False
1669,FC BADULLA 02,"No.02 New Bus stop ,Badulla, Badulla 90000, Sri Lanka",6.9934009,81.0549815,Cargills,True
1670,FC MATHUGAMA 02,"02 Mathugama Road, Aluthgama 12080, Sri Lanka",6.4381509,80.0042773,Cargills,True
1671,FC MAWATHAGAMA,"Mawathagama, North Western Province, Sri Lanka",7.4321631,80.4437781,Cargills,True
1672,FC SLAVE ISLAND,"Slave Island (Colombo), Western Province, Sri Lanka",6.9221695,79.8548823,Cargills,True
1676,FC BAUDDHALOKA MAWATHA,"Bauddhaloka Mawatha, Bambalapitiya, Colombo 00400, Sri Lanka",6.8976017,79.8604928,Cargills,True
1678,FC KOTHALAWALA,"Kothalawala, Western Province, Sri Lanka",6.9194938,79.9780178,Cargills,True
1680,FC KURUNEGALA 04,"04 Kurunegala Road, 61307, Sri Lanka",7.3638645,80.3090902,Cargills,False
1697,FC TANGALLE 02,"Tangalle, Kotuwegoda, Tangalle 82300, Sri Lanka",6.0243383,80.7940726,Cargills,True
1779,EX UDAWALAWA,"Udawalawa Fisheries Bungalow, Pubudu Mawatha, Udawalawe 70190, Sri Lanka",6.4136994,80.8278644,Cargills,True
1780,EX MORAWAKA,"Morawaka, Southern Province, Sri Lanka",6.2652802,80.491047,Cargills,True
1781,EX AHUNGALLA,"Ahungalla, Southern Province, Sri Lanka",6.3132776,80.0409178,Cargills,True
1782,EX KANTHALE,Cargills Food City Express - Kanthale,8.3658759,81.0031042,Cargills,True
1783,EX JAYANTHIPURA,"Jayanthipura (Polonnaruwa), North Central Province, Sri Lanka",7.9483156,81.0017827,Cargills,False
1784,EX DODANGODA,"Dodangoda, Western Province, Sri Lanka",6.5417313,80.0433503,Cargills,False
1785,EX GALLE FORT,"Galle Fort Hotel, Church Street, Talbot Town, Galle 80000, Sri Lanka",6.0266361,80.2174665,Cargills,True
1787,EX BADDEGAMA,"Baddegama, Southern Province, Sri Lanka",6.1688292,80.1793976,Cargills,True
1788,EX BADULLA,"Badulla, Uva Province, Sri Lanka",6.9934009,81.0549815,Cargills,True
1790,EX HALDUMMULLA,"Haldummulla, Uva Province, Sri Lanka",6.7602835,80.8809283,Cargills,True
1791,EX IBBAGAMUWA 02,"02 Ibbagamuwa-Kumbukgete-Madagalla Road, Kiribamuna 60506, Sri Lanka",7.5687625,80.4457867,Cargills,False
1795,EX NOROCHCHOLAI,"Norochcholai, North Western Province, Sri Lanka",8.0348657,79.7315747,Cargills,False
1796,EX POTHUPITIYA,"Pothupitiya, Sabaragamuwa Province, Sri Lanka",6.4631156,80.4307831,Cargills,False
1797,EX PITIGALA,"Pitigala, Southern Province, Sri Lanka",6.3419553,80.2377078,Cargills,True
1799,EX AMBANPOLA,"Ambanpola, North Western Province, Sri Lanka",7.9181144,80.2404959,Cargills,True
1800,EX HAPUGALA,"Hapugala, Southern Province, Sri Lanka",6.0765847,80.1958755,Cargills,True
1801,EX PALLEBEDDA,"Pallebedda, Sabaragamuwa Province, Sri Lanka",6.4872288,80.6937177,Cargills,True
1802,EX BULATHKOHUPITIYA,"Bulathkohupitiya, Sabaragamuwa Province, Sri Lanka",7.1045281,80.336047,Cargills,True
1803,EX TANGALLE,"Tangalle, Southern Province, Sri Lanka",6.0243383,80.7940726,Cargills,True
1806,EX THIHAGODA,"Thihagoda, Southern Province, Sri Lanka",6.0133387,80.5660041,Cargills,True
1807,EX WALASMULLA,"Walasmulla, Southern Province, Sri Lanka",6.1508888,80.6937177,Cargills,True
1809,EX ARACHCHIKANDA,"Arachchikanda, Galle, Sri Lanka",6.1382193,80.1344842,Cargills,True
1810,EX ALAWWA 02,"02 Alawwa-Giriulla Road, Alawwa 60288, Sri Lanka",7.2467402,80.1290871,Cargills,False
1825,EX YATIYANTOTA,"Yatiyantota, Sabaragamuwa Province, Sri Lanka",7.0288824,80.2955419,Cargills,True
1826,EX YMCA,"YMCA, Kotugodella Veediya, Mahaiyawa, Kandy 20000, Sri Lanka",7.2963879,80.6368973,Cargills,True
1828,EX HIRIPITIYA,"Hiripitiya, North Western Province, Sri Lanka",7.6579606,80.3686488,Cargills,True
1834,EX VAVUNIYA,"Vavuniya, Northern Province, Sri Lanka",8.7542029,80.4982402,Cargills,True
1836,EX RAIGAMA,"Raigama, Western Province, Sri Lanka",6.7266167,80.0164621,Cargills,True
1840,EX WATAREKA,"Watareka, North Western Province, Sri Lanka",7.3972603,80.4354337,Cargills,True
1841,EX URUBOKKA,"Urubokka, Southern Province, Sri Lanka",6.3065297,80.6306103,Cargills,True
1842,EX KEKANADURA,"Kekanadura Cemetry, Thalpawila, Matara District, Sri Lanka",5.9414025,80.5891424,Cargills,False
1843,EX THELDENIYA,"Police Station Theldeniya, Kandy - Mahiyanganaya- Padiyathalawa Road, Teldeniya 20900, Sri Lanka",7.3153819,80.7449309,Cargills,False
1844,EX YANTHAMPALAWA,"Yanthampalawa, North Western Province, Sri Lanka",7.5008975,80.3477676,Cargills,True
1845,EX PIDURUWELLA,"Piduruwella, Kegalle, Sri Lanka",7.2513317,80.3463754,Cargills,False
1847,EX HIKKADUWA 02,"02 Old Hikkaduwa Road, Baddegama 80200, Sri Lanka",6.1745381,80.1763683,Cargills,True
1850,EX NINTAVUR,"Nintavur (Karaitivu), Eastern Province, Sri Lanka",7.3770777,81.8415616,Cargills,False
1852,EX RANNA,"Ranna, Southern Province, Sri Lanka",6.0935429,80.8626864,Cargills,True
1853,EX WEERAKETIYA,"Weeraketiya-Middeniya Road, Mandaduwa 82240, Sri Lanka",6.1578889,80.7680815,Cargills,True
1854,EX KANNATHTHOTA,"Kannaththota, Sabaragamuwa Province, Sri Lanka",7.0947226,80.2822811,Cargills,True
1858,EX THAMBUTHTHEGAMA,"NCP/A/TB/TB/Thambuththegama Primary School, Anuradhapura - Padeniya Road, Ikiriwewa 50240, Sri Lanka",8.1296937,80.2838345,Cargills,True
1859,EX WIJERAMA MAWATHA,"Wijerama Mawatha, Cinnamon Gardens, Colombo 00700, Sri Lanka",6.9110572,79.8711168,Cargills,True
1862,EX PINNADUWA 02,"Akmeemana, Southern Province, Sri Lanka",6.0836306,80.2962385,Cargills,False
1863,EX BATAPOLA,"Ambalangoda -Batapola Road, Ambalangoda 80300, Sri Lanka",6.2441639,80.0619435,Cargills,True
1864,EX ARAYAMPATHY,"Arayampathy, Eastern Province, Sri Lanka",7.6569501,81.7404134,Cargills,True
1866,EX MUTUR,"Mutur, Eastern Province, Sri Lanka",8.4579065,81.2684019,Cargills,True
1867,EX KOPAY,"Kopay, Northern Province, Sri Lanka",9.7066044,80.0712998,Cargills,True
1872,EX OVAL VIEW RESIDENCE,"Oval View Residencies, 120 Leslie Ranagala Mawatha, Borella, Colombo 00800, Sri Lanka",6.9180122,79.885249,Cargills,True
1887,EX POTHUHERA,"Pothuhera, North Western Province, Sri Lanka",7.4216724,80.3296664,Cargills,True
1888,EX ISIPATHANA MAWATHA,"Isipathana Mawatha, Havelock Town, Colombo 00006, Sri Lanka",6.8888011,79.8682019,Cargills,True
1892,EX MABULGODA,"Mabulgoda, Colombo, Sri Lanka",6.8281188,79.9738229,Cargills,True
1896,EX ORION CITY,"Orion City IT Park, Orion City Entrance, Dematagoda, Colombo 00009, Sri Lanka",6.9406131,79.8789441,Cargills,True
SCA2,Athurugiriya 2,"No. 175/12, Malambe Road, Athurugiriya",6.8723185,80.0003875,Keels,True
SCAR,Arangala,"No. 730, Malabe Road, Arangala, Athurugiriya",6.851619,79.9684822,Keels,False
SCBL,Boralasgomuwa,"No. 105/1, Kesbewa Road, Katuwala, Boralasgomuwa",6.8345561,79.9047633,Keels,True
SCCC,Crescat,"No. 89, Crescat Boulevard, Galle Road, Colombo 03",6.9171044,79.8481871,Keels,True
SCCM,Thalawathugoda,"No. 531, Capital Mall, Madiwela Road, Thalawathugoda",6.8749649,79.9342066,Keels,True
SCDE,Dehiwala,"No. 268, Sir D.B. Jayathilake Mawatha, (Hill Street), Dehiwala",6.8501667,79.8725682,Keels,True
SCED,Embuldeniya,"No. 303, Old Kottawa Road, Embuldeniya",6.8686027,79.9091084,Keels,True
SCGS,Gamsabha,"No.315,High level road,Gangodawila,Nugegoda",6.8657668,79.8953098,Keels,True
SCHG,Homagama,"No. 375/10A, Highlevel Road, Makumbura, Pannipitiya",6.8402244,79.9673618,Keels,True
SCHR,Havelock Road,"No. 228, Havelock Road, Colombo 05",6.886914,79.8643036,Keels,True
SCKE,Kotahena,"No. 01, Bonjeang Road, Colombo 13",6.9482385,79.8609863,Keels,False
SCKH,Kohuwala,"No. 135, Dutugemunu Mawatha, Kohuwala",6.8694604,79.8806691,Keels,True
SCKL,Kalubowila,"No. 53, Hospital Road , Kalubowila, Dehiwala",6.8634766,79.8667667,Keels,True
SCKO,Kotte,"No. 581, Kotte Road , Pitakotte",6.8891682,79.9023686,Keels,True
SCM2,Moratuwa Mall,"No. 340, K- Zone, Lakshapathiya, Moratuwa",6.7957814,79.8877203,Keels,False
SCM3,Maharagama 2,"No. 184, Dehiwala Road, Maharagama",6.8427922,79.9208422,Keels,True
SCMD,Marine Drive,"No. 35, Upathissa Road, Bambalapitiya, Colombo 04",6.8894201,79.8547186,Keels,True
SCMG,Maharagama,"No. 226, High Level Road, Maharagama",6.852149,79.9210177,Keels,True
SCML,Mount Lavinia,"No. 388/A, Galle Road, Mount Lavinia",6.8647757,79.8632349,Keels,False
SCNW,Nawala,"No. 459, Nawala Road, Rajagiriya",6.9048893,79.8946352,Keels,True
SCPK,Pitakotte,"No. 216 A, Thalawathugoda Road, Pitakotte",6.8768806,79.9374064,Keels,True
SCPN,Pannipitiya,"No. 361, Highlevel Road, Pannipitiya",6.8414135,79.9651125,Keels,False
SCPT,Pittugala ,"No. 296, Kaduwela Road, Pittugala, Malambe ",6.9080896,79.9655555,Keels,True
SCPY,Kohuwala 2,"No. 71, Sunethradevi Road, Kohuwala",6.8634026,79.8877058,Keels,True
SCRJ,Rajagiriya 2,"No. 522, Kotte Road, Rajagiriya",6.8891416,79.9031684,Keels,False
SCRM,Rathmalana,"No. 413, Galle Road, Rathmalana",6.819326,79.8740998,Keels,False
SCRT,Raththanapitiya,"No. 235, Horana Road, Raththanapitya, Boralasgamuwa",6.7070323,79.957127,Keels,False
SCSJ,Rajagiriya,"No. 475, Sri Jayawardenapura Road, Rajagiriya",6.9094108,79.8942538,Keels,True
SCTB,Thimbirigasyaya,"No. 407, Thimbirigasyaya Road, Colombo 05",6.8960422,79.8728204,Keels,True
SCTH,Thalahena,"No. 427, Kaduwela Road, Thalahena",6.9039252,79.9553217,Keels,True
SCUP,Union Place,"No. 199, Union Place, Colombo 2",6.9217417,79.8561513,Keels,True
SCWJ,Wijerama,"No. 4 & 6, Soratha Mawatha, Nugegoda",6.8549219,79.9064625,Keels,True
SFGL,Galle,"No. 46, Colombo Road, Kaluwella, Galle",6.0331276,80.2143937,Keels,True
SGKB,Kiribathgoda,"No. 94, Makola Road, Kiribathgoda",6.977115,79.929175,Keels,True
SGKY,Kelaniya,"No: 690, Biyagama Road, Pilapitiya, Kelaniya",6.9513808,79.9076682,Keels,True
SGMH,Welisara,"No: 812, Negombo Road, Mahabage",7.0055544,79.8969559,Keels,True
SGWA,Wattala 2,"No. 384, Negombo Road, Wattala",6.9877213,79.8912124,Keels,True
SIP2,Panadura 2,"No. 161, Galle Road, Walana, Panadura",6.7259478,79.9063592,Keels,True
SKK2,Kandy 2,"No. 489, William Gopallawa Mawatha, Kandy",7.2788057,80.6190148,Keels,False
SKKA,Kandy,"City Centre Compex, Level 1, L1 -14, Kandy (Pvt) Ltd, Kandy",7.2905715,80.6337262,Keels,True
SMMR,Matara,"No. 227, Anagarika Dharmapala Mawatha, Nupe, Matara",5.9481764,80.5359893,Keels,True
SCK3,Kottawa 3,"No. 139, Athurugiriya Road, Kottawa",6.8439854,79.9673948,Keels,True
SCTG,Thalawathugoda 2,"No. 158, Pannipitiya Road, Thalawathugoda",6.8705099,79.940767,Keels,True
SGKR,Kerawalapitiya,"No. 315, Handala Road, Wattala",6.9906677,79.8931709,Keels,True
SRRP,Rathnapura,"No. 09, Panadura Road, Moragahayata, Rathnapura",6.6984707,80.3795327,Keels,False
SGEM,Enderamulla,"No. 75A, Enderamulla, Wattala",6.9977837,79.9189814,Keels,False
SGKG,Kiribathgoda 2,"No. 197, Kandy Road, Kiribathgoda",6.9823562,79.9309042,Keels,False
SFGA,Galle 2,"No. 465,Wackwella Road, Kalegana, Galle",6.0579352,80.203884,Keels,False
SIKS,Kaluthara,"No. 735, Galle Road, Wettumakada, Kauthara South, Kaluthara",6.5663334,79.967683,Keels,False
SCET,Edmonton,"No. 25, Edmonton Road, Colombo - 5",6.8795301,79.8759133,Keels,True
SGTY,Tyre Junction,"No. 498, Kandy Road, Dalugama, Kelaniya",6.9690596,79.9112093,Keels,True
SCMW,Moratuwa 3,"No. 16, St Peters Road, Moratuwa",6.7707682,79.8852455,Keels,True
SNRU,Kurunegala 02,"No. 41, Bauddhaloka Mawatha, Kurunegala",7.4818892,80.3583571,Keels,True
SCKZ,Kesbewa,"No. 220/1, Bandaragama Road, Kasbewa",6.7605697,79.94802,Keels,False
SIBE,Beruwala,"No. 167, Galle road, Beruwala",6.4672734,79.9867005,Keels,False
SGRA,Ragama,"No. 968, Mahabage Road, Ragama",7.0280037,79.923,Keels,True
SCGT,Gothatuwa,"No. 215, IDH Road, Gohtatuwa",6.9282759,79.910126,Keels,False
SMMS,Matara 2,"No 361, Welewatta Matara.",5.9471016,80.5625956,Keels,False
SCAD,Attidiya 02,"208, Aththidiya Road, Bellanthotha",6.8404515,79.8846703,Keels,True
SIP4,Panadura 03,"267, Horana Road, Wekada, Panadura",6.7098659,79.9205993,Keels,False
SYMT,Matale,"11, Nagolla Road, Mathale",7.4627211,80.6192341,Keels,False
SGGP,Gampaha 2,"125, Colombo Road, Gampaha",7.0912814,79.9972199,Keels,False
SCGO,Godagama,"551, Highlevel Road, Homagama",6.8516323,80.0258412,Keels,False
SGKC,Kochchikade,"21, Negembo Road, Kochchikade",7.1338563,79.8757585,Keels,False
SINL,Nalluruwa,"735, Galle Road, Nalluruwa, Panadura.",6.7805724,79.8834898,Keels,False
SIAL,Aluthgama,"Ruwangiriâ€, Kaluwamodara, Galle Road, Aluthgama.",6.4379428,79.9951662,Keels,True
SCWP,Wellampitiya,"230, Avissawella Road, Wellampitiya.",6.8400852,79.9671368,Keels,False
SCPI,Piliyandala,"242, Colombo Road, Miriswatta, Piliyandala",6.8017575,79.9227313,Keels,False
SLKV,Kegall,"No. 461, Kandy road, Kegalle.",7.2544082,80.3513306,Keels,True
SGMI,Minuwangoda,"No.28, Veyangoda Road, Minuwangoda.",7.1681702,79.9487265,Keels,True
SREP,Embilipitiya,"No 248, Pallegama Embilipitiya.",6.3162324,80.8433145,Keels,False
SGJA,Ja Ella,"Â NO: 134 Minuwangoda Road, Kanuwana, Ja-Ela",7.1235722,79.9240243,Keels,False
SPWN,Wennappuwa,"No: 28A, Chilaw Road, Wennappuwa",7.3493037,79.8352767,Keels,False
SCMU,Mulleriyawa -Angoda,"No: 42D, Hospital Road, Angoda.",6.9288075,79.9277461,Keels,False
SNRN,Kurunegala 03,"192, Puttalam Road, Kurunegala",7.4880715,80.363277,Keels,False
SIGN,Gorakana,"No. 290, Old Galle Road, Gorakana, Panadura",6.7603083,79.8978239,Keels,True
SIBM,Bandaragama,"No. 50, Panadura Road, Bandaragama",6.7154972,79.9900663,Keels,True
SGN2,Negombo 2,"No. 339, Kimbulapitiya Road, Negombo",7.2035996,79.8626347,Keels,True
SKGZ,Gampola,"27/2, Nawalapitiya Road, Gampola",7.1404637,80.5689068,Keels,False
SPCH,Chilaw,"No. 110, Puttlam Road, Chilaw",7.569066,79.7992898,Keels,True
SCKJ,Kesbewa 2,"1059, Horana Road, Kesbewa Â ",6.7069912,79.9452268,Keels,False
SGRD,Delpe,"No. 324, Kadawatha Road, Delpe Junction, Mahara",6.851263,79.8775971,Keels,False
SGND,Dalupotha,"No 555, Chilaw Road, Negombo",7.2511828,79.8532414,Keels,False
SGEL,Eldeniya,"No. 434, Kandy Road, Ranmuthugala, Kadawatha",7.0030521,79.9551507,Keels,True
SCBI,Biyagama,"No. 306, New Kandy Road, Biyagama",6.9072568,79.9653271,Keels,False
SREG,Ehaliyagoda,"No. 34, Rathnapura Road, Eheliyagoda",6.8533665,80.2615987,Keels,True
SPMV,Maravila,"No. 40, Horagalla South, Colombo Road, Marawila. ",7.4239428,79.8352767,Keels,False
SKKM,Katugasthota,"1416, Jaffna Road, Katugasthota",7.377894,80.6192696,Keels,False
SIHZ,Horana,"No. 233, Rathnapura Road, Horana",6.937676,80.2146014,Keels,False
SPPU,Puttalam,"# 89, Kurunegala Road, Puttalama.",7.7612443,80.1120736,Keels,False
SGMP,Miriswatta,"No. 39, Gampaha Road, Miriswattha",7.0882395,80.0065689,Keels,True
SCAK,Akuregoda,"No. 244, Pothuarawa Road, Akuregoda",6.896802,79.9427778,Keels,True
SCDR,Darley Road,"No. 460, T.B. Jaya Mawatha, Colombo 10.",6.9211218,79.8619451,Keels,True
SGTI,Thihariya,"No. 120, Kandy Road, Thihariya",7.1270524,80.0717307,Keels,True
SCSL,Shangri-La Mall,"One Galle Face Mall, Colombo.",6.9271601,79.8446964,Keels,True
SHTA,Tangalle,"No. 281, Matara Road,Tangalle",6.0247978,80.7936976,Keels,True
SCPA,Piliyandala 2,"118/1 A, Maharagama road, Mavittara,Piliyandala",6.8073186,79.9274415,Keels,True
SCMY,Mattakuliya,"Nos. 854 Aluthmawatha Road, Mattakkuliya.",6.9692016,79.8734373,Keels,True
SGNK,Negombo Kurana,"No. 800,2nd Kurana, Colombo Road, Negombo",7.1928611,79.8604831,Keels,False
SGJW,JA Ela 3,"236, Negombo Road,Weligampitiya, Ja Ela",7.0701012,79.8934759,Keels,True
SGSE,Seeduwa,"No. 253, Negombo Road, Bandarawaththa, Seeduwa",7.1203879,79.8793195,Keels,True
SCTL,Thalawathugoda 3,"572/5, Thalawathugoda Road,Madiwela",6.8768547,79.9371923,Keels,True
SLMN,Mawanella,"185, New Kandy Road, Mawanella",6.9038164,79.9561123,Keels,False
SKKI,Kandy 3,"No. 927, Peradeniya Road, Kandy",7.2739344,80.610207,Keels,False
SGNO,Negombo Telwatta,"250, Colombo Road, Negombo",7.1616064,79.9452166,Keels,False
SCAV,Avissawella,"No.57, Kiriwandala, Avissawella",6.9409466,80.1963047,Keels,True
SGSM,Sinharamulla,"356, Biyagama Road, Gonawela,Kelaniya",6.9521607,79.9302368,Keels,True
SFK4,Karapitiya,"No.54, Hirimbura Cross Road, Karapitiya",6.0638595,80.2220762,Keels,False
SFAB,Ambalangoda,"No. 435, Galle Road, Ambalangoda",6.2406886,80.0493406,Keels,True
SCHD,Hokandara,"188, Hokandara Road, Thalawathugoda",6.878785,79.9412197,Keels,True
SIMZ,Mathugama,"185, Kaluthara Road, Mathugama",6.5228555,80.1083133,Keels,False
SCVJ,Vidyala Junction,"No. 4, Hokandara Road, Kalalgoda, Pannipitiya",6.8776872,79.9392741,Keels,True
SGMQ,Mawaramandiya,"475, Udupila Road, Mawaramandiya",6.9870259,79.9789406,Keels,True
SCBT,Battaramulla,"1024 and 1027, Pannipitiya Road, Battharamulla",6.8320554,79.936739,Keels,False
SIWD,Wadduwa,"No. 520, Galle road, Wadduwa",6.5700408,79.9658272,Keels,False
SGK5,Kirillawala,"No. 89, Kandy Road, Pahala Imbulgoda, Imbulgoda",7.0350359,79.9906201,Keels,True
SMMC,Matara 3,"No. 66, Kumarathunga Mawatha, Matara",5.9482084,80.5454187,Keels,True
SCK6,katubedda,"No. 78, Bandaranayake Mawatha, Katubedda",6.7961761,79.8962475,Keels,True
SCMF,Maharagama 3,"No. 59, Piliyandala road, Maharagama",6.8424722,79.9265942,Keels,True
SIWK,Kaluthara 2,"No. 34, Galle Road, Maha Waskaduwa ",6.8869309,79.8576069,Keels,False
SCDP,Duplication Road,"No. 5, Lauries Place, Colombo 4 ",6.8947464,79.8554709,Keels,False
SAAP,Anuradhapura,"No. 514, Maithripala Senanayake Mawatha, Anuradhapura",8.320586,80.4004663,Keels,True
SCKX,Kaduwela,"131/6, Hewagama, Kaduwela",6.9272377,79.9795832,Keels,True
SCPO,Pitakotte 2,"308, Kotte Road, Pitakotte",6.8806004,79.8999367,Keels,True
SRRR,Rathnapura 2,"No. 42, Bandaranayake Mawatha, Rathnapura",6.6819514,80.3970903,Keels,True
SGYK,Yakkala,"65/5. 1st Lane, Kandy Road, Yakkala.",7.2764241,80.6208238,Keels,False
SCK7,Kotahena 2,"No. 141, K Cyril C Perera Mawatha, Cololmbo 13.",6.9464417,79.8655321,Keels,True
SCNG,Nugegoda 2,"No. 14, Nawala Road, Nugegoda",6.8751623,79.8910119,Keels,True
SCTU,Thurstan,"No. 32, Kumarathunga Munidasa Mawatha, Cololmbo 3.",6.9050227,79.8583632,Keels,False
SGDL,Diuwalapitiya,"Mahagedarawaththa, Minuwangoda Road,  Divulapitiya",7.146577,79.9336968,Keels,False
SGGE,Ganemulla,"No 268, Kadawatha Road, Ganemulla",7.0677108,79.9612678,Keels,True
SCCR,Kotta Road,"No 103, Dr. N.M. Perera Mawatha, Colombo 08",6.9138281,79.8823255,Keels,False
1068,FC NEGOMBO,"355 , Main  Street  , Negombo .",7.2129241,79.8441501,Cargills,True
1087,FC JAELA,"49 , Negombo Road , Ja-Ela",7.0751156,79.8920616,Cargills,True
1102,FC CHILAW,"1 , Jetty  Street , Chilaw .",7.5787006,79.7939426,Cargills,True
1112,FC KADAWATHA,"831 , Kandy  Road , Kadawatha .",7.0193619,79.9715838,Cargills,False
1136,FC PELIYAGODA,"304 , Negombo  Road , Peliyagoda",6.968377,79.8842608,Cargills,True
1131,FC WENNAPPUWA,"25/2  ,  Chilaw  Road , Wennapuwa .",7.3451365,79.8405724,Cargills,False
1144,FC SEEDUWA,"673 , Negambo Road, Liyanagemulla  Seeduwa .",7.1432289,79.8737618,Cargills,False
1142,FC KANDANA,"39 A  Negambo Road , Kandana .",7.0473666,79.8971412,Cargills,True
1317,EX KATUNAYAKE SLAF,SLAF Base Katunayaka,7.1828704,79.8689623,Cargills,True
1192,FC NITTAMBUWA,"No.89, Kandy  Road, Nittambuwa.",7.1422249,80.0947624,Cargills,True
1194,EX BIA KATUNAYAKE,"CFC.Depatur concord, B.I.A. Katunayake",7.1801543,79.8842495,Cargills,False
1196,FC KADAWATHA 2,"No.317, Kanday Road, Kadawatha.",7.0004261,79.9481213,Cargills,True
1198,FC MIRIGAMA,"No.93, Giriulla  Road ,   Merigama",7.2699463,80.1363964,Cargills,False
1283,FC WELIWERIYA,"No. 28, New Kandy Road,  Weliweriya",7.0343123,80.0268348,Cargills,True
1282,FC DELGODA,"No. 348, New Kandy Road,  Delgoda .",6.9869704,80.0127785,Cargills,True
1296,FC NEGOMBO 2,"No 266, Colombo Road,   Negambo.",7.1616064,79.9452166,Cargills,False
1403,FC WELISARA,"No. 768, Negombo road,   Welisara , Ragama.",7.012471,79.8976287,Cargills,False
1417,FC JAELA 02,"No. 417, Negombo Road, Jaela",7.0740327,79.8925716,Cargills,True
1414,FC YAKKALA,"No. 99, Yakkala Park, Kandy Road, Yakkala.",7.0824867,80.030854,Cargills,True
1415,FC MAKOLA,"No. 99 Makola South, Makola",5.54781,-0.2071414,Cargills,False
1421,FC THIHARIYA,"No.122/1 Parakumbamahal, Thihariya, Kalagedihena",7.1195847,80.0639697,Cargills,True
1423,FC BANDARAWATTE,"No. 160/9A, New Kandy Road, Bandarawatte, Biyagama.",6.9393549,79.9871258,Cargills,False
1427,FC ELAKANDA,"No. 132 Canal Road, Elakanda",6.9956211,79.8738288,Cargills,False
1334,EX PASYALA,"No. 174 2/4, Kandy Road, Pasyala",7.186563,80.1396869,Cargills,False
1337,EX KANDANA,"No. 76 Station Road,Kandana",7.0481131,79.8994756,Cargills,False
1351,EX SEEDUWA PALLIYAWATTA,"No. 344, Kotugoda Road,Palliya Junction,Raddolugama",7.1327697,79.8889263,Cargills,True
1365,EX KATUNERIYA,"St. Anthonies Building, Chilaw Road, Katuneriya",7.3919979,79.8319102,Cargills,True
1472,FC PETHIYAGODA,"No. 16  Biyagama Road,Pethiyagoda,Kelaniya",6.952003,79.9052806,Cargills,True
1358,EX BOPITIYA,"No. 1, Pamunugama Road,Bopitiya",7.0797942,79.8597284,Cargills,True
1474,FC GANEMULLA,"No. 367, Kadawatha Road, Ganemulla",7.0655757,79.9614335,Cargills,True
1376,EX VEYANGODA,"No. 14, Good Shed Road, Veyangoda.",7.1540552,80.0593752,Cargills,True
1374,EX AMBEPUSSA,"No. 365, Colombo Road,Ambepussa.",7.2417763,80.2112164,Cargills,True
1384,EX DANDUGAMA,"No. 366, Colombo Road,Dandugama,Ja-Ela.",7.1478081,79.9355641,Cargills,False
1480,FC CHILLAW2,"No. 98, Colombo Road,Chillaw.",7.5689046,79.7994097,Cargills,False
1389,EX GREEN ROAD,"No.138/140 Greens Road, Negombo.",7.2060418,79.8404467,Cargills,True
1391,EX NATTANDIYA,"Kuliyapitiya Road, Naththandiya",7.3998149,80.0373996,Cargills,True
1395,EX MADAMPE,"No. 33, Station Road,Madampe",7.4972336,79.8413319,Cargills,False
1397,EX WATHUPITIWALA,"No.392,ATHTHANAGALLA ROAD, WATHUPITIWALA.",7.142478,80.0978552,Cargills,False
1721,EX LEWIS PLACE NEGOMBO,"No.132/A Poruthota Road ,Eththukala, Negombo.",7.2653224,79.8573772,Cargills,False
1729,EX NEGOMBO Y JUNCTION,"No. 297/1, Meerigama Road,Mahahunupitiya,Negombo.",7.216305,79.851135,Cargills,True
1731,EX RANMUTHUGALA,"No 571/4, Ranmuthugala, Kadawatha.",7.0143623,79.9707742,Cargills,False
1499,FC ENDERAMULLA,"No. 63 ,64 ,Dalupitiya Road, Enderamulla",6.9930553,79.9132644,Cargills,True
1486,FC GAMPAHA2,"No. 257 ,Colombo Road ,Gampaha.",7.08965,80.0043159,Cargills,True
1581,FC NITTAMBUWA 02,"Unit 2, Veyangoda Rd, Nittambuwa",7.1699138,79.9534588,Cargills,False
1586,FC GAMPAHA 03,"No. 27 ,Oruthota Road ,Gampaha.",7.0925641,79.9933311,Cargills,True
1757,EX KIRILLAWALA,"NO 538 KANDY ROAD ,KIRILLAWALA, KADAWATHA",7.0076199,79.9621273,Cargills,False
1577,FC KADAWATHA 03,"No.467/11,Circular Road,Kadawatha",7.0046324,79.954155,Cargills,True
1593,FC WELIPILLAWA,"No: 408/B/1, Welipillewa, Ganemulla.",7.0524879,79.9603864,Cargills,True
1599,FC WELISARA 02,"No.607, Negombo Rd,Maththumagala",7.0234054,79.8995503,Cargills,False
1767,EX URAPOLA,"121/F, Ruwanwella Rd, Deenadamunuwa, Urapola",7.2189043,80.2040129,Cargills,False
1495,FC KIRIBATHGODA 02,"No.153, Makola Rd, Kiribathgoda",6.9769971,79.9315786,Cargills,True
1552,FC RADDOLUGAMA,"No.362 C1A NHS Road,Raddolugama",7.1406334,79.9013603,Cargills,False
1905,FC NEGOMBO 03,"No. 28, Colombo Road ,Negombo",7.0751969,79.8576292,Cargills,False
1610,FC WENNAPPUWA 02,"No. 354 ,Colombo Road, Wennappuwa.",7.3493037,79.8352767,Cargills,False
1609,FC AWARIWATTA,"No.436,Baseline  Road, Awariwatta, Katunayeke",7.1341672,79.8881976,Cargills,False
1613,FC WATTALA 02,"No.79, Negombo Road,Wattala",6.976993,79.8885537,Cargills,False
1611,FC GANEMULLA 02,GANEMULLA ,7.0623959,79.9668308,Cargills,True
1653,FC KOCHCHIKADE NEW,KOCHCHIKADE,7.2657063,79.8591235,Cargills,False
1674,FC YAKKALA 02,YAKKALA ,7.0864153,80.0335107,Cargills,True
1677,FC NEGOMBO 04,NEGOMBO ,7.2055208,79.8512562,Cargills,False
1792,EX MALWATHUHIRIPITIYA,MALWATHUHIRIPITIYA,7.0552975,80.0688587,Cargills,True
1839,EX YAKKALA,YAKKALA,7.0864153,80.0335107,Cargills,True
1855,EX MIRISWATTA,MIRISWATTA,7.0727394,80.0157633,Cargills,False
1856,EX KIMBULAPITIYA,KIMBULAPITIYA,7.2042407,79.8940806,Cargills,True
1857,EX WILIMBULA,WILIMBULA,7.873054,80.77179699,Cargills,False
1861,EX KATANA,KATANA,7.2480284,79.8993665,Cargills,True
1871,EX PELIYAGODA (IOC),PELIYAGODA (IOC),6.9574476,79.8895487,Cargills,True
1074,FC BORALESGAMUWA,"231 , Dehiwala Road , Boralasgamuwa .",6.8422745,79.9087038,Cargills,True
1075,FC PANADURA,"163 , Galle  Road , Panadura .",6.8019482,79.8880743,Cargills,False
1312,EX PANADURA,"205, Galle Road, Panadura.",6.7810303,79.8835643,Cargills,False
1147,FC MINUWANGODA,"40, Colombo Road,  Minuwangoda.",7.1688744,79.9479529,Cargills,True
1166,FC KATUKURUNDA,"919, Galle Road,  Katukurunda.",6.5615779,79.9692838,Cargills,False
1180,FC RATMALANA,"No.143,Mount City,Galle Rd,  Rathmalana.",6.854286,79.8654653,Cargills,False
1182,FC PANADURA 2,"No.518,Galle Rd,  Panadura ( 02 ).",6.8006483,79.8883825,Cargills,False
1191,FC PEPILIYANA,"No.473/A.Colombo Road ,  Pepiliyana ,  Boralasgamuwa",6.8650713,79.89655,Cargills,True
1140,FC HORANA,"No.142, Panadura Road ,  Horana.",6.7229806,80.0646682,Cargills,True
1184,FC RAGAMA,"No.33, Kadawatha Road, Ragama",7.0232382,79.955532,Cargills,False
1149,FC KALUTARA,"No.272,Galle Road,  Kalutara  South",6.5697626,79.9659636,Cargills,False
1280,FC KALUTARA NORTH,"No. 264 , Galle Road,  Kaluthara North",6.5697536,79.9659679,Cargills,False
1293,FC KESBEWA,"No. 130A,  Horana Road,   Kesbewa.",6.8369938,79.9650768,Cargills,False
1333,EX MORATUWELLA,"No. 487, new Galle Road, Motuwella",6.7683571,79.8831525,Cargills,True
1325,EX KIRIDIWELLA,"No.111, Radawana Road, Kirindiwela.",7.0354551,80.0926966,Cargills,False
1454,FC MORATUWA OLD RD,"No. 151, Main street, Moratuwa",6.7964879,79.9008537,Cargills,True
1330,EX MORATUMULLA,"No. 46, Main Street,Moratumulla.",7.873054,80.77179699,Cargills,False
1456,FC RATMALANA 02,"No. 417, Galle Road, Rathmalana",6.8185338,79.874307,Cargills,False
1463,FC HANWELLA,"No. 138/2B, Main Street, Hanwella",6.8978344,80.0814292,Cargills,True
1356,EX DIVULAPITIYA,"No.37, Bomugammana,Divulapitiya",7.2303143,80.016474,Cargills,False
1367,EX NALLURUWA,"No.830 Galle Road,Nalluruwa",6.5634638,79.9682322,Cargills,False
1373,EX ALUBOMULLA,"No. 256, Kurusa Handiya,Alubomulla,Panadura.",6.70716,79.9488,Cargills,False
1369,EX PIRIVENA JUNCTION,"No. 567,Pirivena Junction,Maharagama Road,Boralasgamuwa.",6.8054739,79.9263413,Cargills,False
1468,FC EKALA,"No. 100, Sanasa Building,Minuwangoda Road,Ekala.",7.146577,79.9336968,Cargills,False
1478,FC KESELWATTE,"No.29, Colombo Road,Keselwatta",6.7493623,79.9031776,Cargills,False
1476,FC HORANA2,"No 135, Anguruwathota Road,Horana",6.7095526,80.068388,Cargills,True
1388,EX KALUTARA CENTRAL,"No 235,Central Junction,Nagoda, Kalutara South.",6.561268,79.9811191,Cargills,True
1390,EX PUWAKPITIYA,"No. 402,404,392/E ,  Colombo Road, Puwakpitiya, Awissawella.",6.9378226,80.1944754,Cargills,True
1716,EX DELPE JUNCTION,"No 295, Kadawatha Rd, Ragama.",6.850045,79.8778303,Cargills,False
1398,EX MARADAGAHAMULLA,"No. 89, Negombo Road,Maradagahamula.",7.1749505,79.8633875,Cargills,False
1732,EX WARAGODA,"No 390, Waragoda Road, Kelaniya.",6.9585549,79.9105123,Cargills,True
1719,EX DALUPOTHA,"Ex Dalupotha,No 594, Chilaw Road, Negombo.",7.2294476,79.8508804,Cargills,True
1733,EX RATAMALANA STATION ROAD,"No 24, Sri Gnanendra Road, Ratmalana.",6.8139657,79.8680827,Cargills,True
1734,EX HUNUPITIYA,"No 58, Diulapitiya Road, Hunupitiya, Wattala.",6.9863638,79.9074482,Cargills,False
1737,EX KELANIYA,"No,15,Vihara MW,Cross Rd,Kelaniya",6.9517846,79.9132991,Cargills,True
1742,EX ELAPITIWALA,"No 121,Elpitiwala Ragama",7.0187475,79.9108744,Cargills,False
1748,EX KOTUGODA,"No.80/H/7 .MINUWANGODA RD, KOTUGODA.",7.1260702,79.9251082,Cargills,True
1565,FC MORATUMULLA,"No.411/1/2 ,De Zoisa Rd, Molte, Moratuwa",6.790729,79.9002349,Cargills,False
1553,FC SEEDUWA 02,"No.245, Colombo Rd, Seduwa",7.1644023,79.9463923,Cargills,False
1753,EX PADUKKA,"No.49/A, Hanwella Rd, Padukka",6.9057359,80.0846073,Cargills,False
1755,EX DOMPE,"No: 217 J, Main Street, Dompe",6.9403947,80.0771962,Cargills,False
1754,EX NAIWALA,"Cargill Food City - Express, Reality pl. Building, Naiwala",7.873054,80.77179699,Cargills,False
1758,EX INGIRIYA,"No.50,Ratnapura Road,Ingiriya.",6.8346033,80.278485,Cargills,False
1595,FC BANDARAGAMA 02,"No. 84 ,Panadura Road ,Bandaragama.",6.7154922,79.9900571,Cargills,True
1570,FC BORUPANA,"1. NO: 69/1 , BORUPANA ROAD , RATHMALANA",6.8181374,79.8978164,Cargills,False
1587,FC PALLIMULLA,"No. 170 , Old Galle ,Pallimulla ,Panadura.",6.731813,79.9047775,Cargills,True
1906,FC RAWATHAWATTA,"No. 491 ,Galle Road ,Rawathawatte ,Moratuwa.",6.792775,79.8866691,Cargills,False
1904,FC RAGAMA 02,"No.15, Peralanda Rd,Ragama",7.028454,79.9158926,Cargills,True
1769,EX MORAGAHAHENA,"No.437 S1,Moragahahena,Millewa.",6.784184,80.0541909,Cargills,False
1617,FC KATUKURUNDA 02,"No.669 Galle Rd,Wettumakada, Katukurunda",6.5683692,79.9666769,Cargills,True
1615,FC MINUWANGODA 02,MINUWANGODA,7.1842076,79.9500477,Cargills,True
1656,FC PEPILIYANA 02,PEPILIYANA,6.8562846,79.8890356,Cargills,True
1662,FC KIRIDIWELA,KIRIDIWELA,7.0411825,80.1289324,Cargills,True
1685,FC AKUREGODA,AKUREGODA,6.8937244,79.9486489,Cargills,True
1811,EX KASAGAHAWATTA,KASAGAHAWATTA,7.1210003,79.9150724,Cargills,False
1835,EX PAYAGALA,PAYAGALA,6.5186103,79.9947956,Cargills,True
1895,EX EGALOYA,EGALOYA,6.679771,80.1628703,Cargills,True
1898,EX DUNAGAHA,DUNAGAHA,7.2220533,79.9780178,Cargills,True
1160,FC ATTIDIYA,"251, Main Road ,  Attidiya .",6.8404709,79.8844403,Cargills,
1585,FC BANDARAWELA 02,"No:393,BADULLA RD,BANDARAWELA",6.828440400000001,80.9957718,Cargills,
1658,FH HAVELOCK CITY,HAVELOCK CITY,6.8827383,79.8683695,Cargills,
1673,FC WALPOLA,WALPOLA,6.918308,79.9220686,Cargills,
1684,FC LEWELLA,LEWELLA,7.299051,80.6507268,Cargills,
1686,EX ANGUNAKOLAPELASSA,ANGUNAKOLAPELASSA,6.165568899999999,80.9031172,Cargills,
1687,FC ANGUNAWALA,ANGUNAWALA,7.2391815,80.59244489999999,Cargills,
1688,FC NUGAWELA,NUGAWELA,7.3273835,80.5878658,Cargills,
1689,FC CHILLAW 03,CHILLAW 03,7.561989400000001,79.8016569,Cargills,
1690,FC VEYANGODA,VEYANGODA,7.154055199999999,80.05937519999999,Cargills,
1691,FC MOUNT LAVINIA 02,MOUNT LAVINIA 02,6.8521774,79.90968529999999,Cargills,
1692,FC TORRINGTON SQUARE,TORRINGTON SQUARE,6.9035383,79.8681098,Cargills,
1693,FC KATUBEDDA (SQUARE),KATUBEDDA (SQUARE),6.8014572,79.8996789,Cargills,
1696,FC HAKMANA,HAKMANA,6.0795539,80.6576623,Cargills,
1860,EX POLPITHIGAMA,POLPITHIGAMA,7.821151099999999,80.40622189999999,Cargills,
1868,EX PUTTALAM,PUTTALAM,8.0407913,79.839386,Cargills,
1873,EX KANDALAMA (MIRIGAMA),KANDALAMA (MIRIGAMA),7.269372000000001,80.1330885,Cargills,
1880,EX HINGURAKGODA,HINGURAKGODA,8.0415888,80.9532359,Cargills,
1881,EX ATIGALA,ATIGALA,6.894662,80.05628639999999,Cargills,
1883,EX KUMBALGAMA,KUMBALGAMA,6.6898822,80.80455680000001,Cargills,
1884,EX KONDAVIL,KONDAVIL,9.7030007,80.0339312,Cargills,
1886,EX CAPITAL HEIGHTS,CAPITAL HEIGHTS,7.873053999999999,80.77179699999999,Cargills,
1889,EX WORLD TRADE CENTRE,WORLD TRADE CENTRE,6.932670099999999,79.84375759999999,Cargills,
1019,EX MOUNT LAVINIA,"360 , Galle  Road , Mount Lavinia .",6.8301185,79.8800832,Cargills,
1119,FC WELLAWATTE,"No:-256 3-B/1,Moor Road, Wellawatte, Colombo 06.",6.8755308,79.8609984,Cargills,
1034,FC MAHARAGAMA,"75 ,  Dehiwala  Road ,  Maharagama .",6.8510951,79.9212011,Cargills,
1039,FC NUGEGODA,"240 , High  Level  Road , Nugegoda",6.8649081,79.8996789,Cargills,
1063,FC MALABE,"766 , Kaduwela  Road , Malabe",6.9060787,79.9696277,Cargills,
1069,EX RAJAGIRIYA,"349, Cotta  Road , Rajagiriya",6.9094108,79.8942538,Cargills,
1038,FC PITAKOTTE,"407 , Pitta Kotte Road , Pita Kotte .",6.8808992,79.9052768,Cargills,
1086,FC GAMPAHA,"45 , Bauddhaloka  Mawatha , Gampaha .",7.0840484,80.0098314,Cargills,
1101,FC PILIYANDALA,"122/A, Kesbewa  Road , Piliyandala .",6.8017575,79.9227313,Cargills,
1103,FC NAWALA,"264 , Nawala  Road , Nawala .",6.8964191,79.8884819,Cargills,
1134,FC KARAGAMPITIYA,"176 , Hill  Street , Karagampitiya , Dehiwala",6.8559485,79.8629683,Cargills,
1122,FC KELANIYA,"878 , Kandy  Road , Kelaniya",6.9517846,79.9132991,Cargills,
1132,FC HOMAGAMA,"96 , High  Level  Road , Homagama .",6.8432762,80.0031833,Cargills,
1118,FC KOHUWALA,"89, S.D.S. Jayasinghe Mawatha , Kohuwala, Nugegoda .",6.8649081,79.8996789,Cargills,
1128,FC KOLONNAWA,"Urban  Council  Premises ,  Kolonnawa , Wellampitiya .",6.9424282,79.9045771,Cargills,
1123,FC KOTTAWA,"87 , High level  Road , Kottawa .",6.8411652,79.9654324,Cargills,
1154,FC DELKANDA,"352 B, Gamsaba Junsion , Delkanda.",7.327277,80.6382627,Cargills,
1165,FC KOSWATTE,"290,  Kaduwela Road  ,  Koswatta.",6.908863,79.9313567,Cargills,
1173,FC KOHUWALA 2,"No.106/3, Dutugemunu Street,   Kohuwala",6.8624842,79.8854983,Cargills,
1178,FC MAHARAGAMA 2,"No.147,High Level Rd,  Maharagama.",6.8510951,79.9212011,Cargills,
1176,FC MIRIHANA,"No.108,Jubilie Post,  Mirihana , Nugegoda.",6.8649081,79.8996789,Cargills,
1177,FC NUGEGODA 2,"No.79,Stanley Thilakarathna Mawatha,  Nugegoda",6.8649081,79.8996789,Cargills,
1168,FC WIJERAMA,"No.533,High Level Rd,  Wijerama  , Nugegoda.",6.8649081,79.8996789,Cargills,
1197,FC ATHURUGIRIYA,"No.100, Main Road,     Athurugiriya.",6.8723185,80.0003875,Cargills,
1285,FC PANNIPITIYA,"No.1499/A, Vidyala Junction, Hokandara Rd,  Pannipitiya",6.8463993,79.9484346,Cargills,
1287,FC BOKUNDARA,"No. 201/1A,  Bokundara  , Piliyandala",6.8017575,79.9227313,Cargills,
1295,FC MALABE 2,"No 162/7, Ratna Building New Kandy rd ,Weliwita Junction,  Malabe",6.9060787,79.9696277,Cargills,
1290,FC BATTARAMULLA,"No. 103, Athul Kotte road,  Battaramulla.",6.8979941,79.9222869,Cargills,
1284,FC RAJAGIRIYA 2,"No.385/01,Sri Jayawardanapura Mw,Welikada, Rajagiriya.",6.9094108,79.8942538,Cargills,
1406,FC KOTIKAWATTA,"No.250, IDH Rd, Kotikawatta.",6.9345136,79.9059766,Cargills,
1416,FC ETHULKOTTE,"No.906, Kotte Road, Ethul Kotte, Kotte",6.8867616,79.9187142,Cargills,
1418,FC KALAPALUWAWA,"No. 21/8 Buthgamuwa Road, Kalapaluwawa, Rajagiriya",6.9094108,79.8942538,Cargills,
1328,EX HABARAKADA,"No. 575/14 Borella Road, Habarakada, Homagama.",6.8432762,80.0031833,Cargills,
1329,EX NEDIMALA,"No. 65 C, Pepiliyana Road, Nedimala, Dehiwala.",6.8559485,79.8629683,Cargills,
1340,EX POLGAHAWELA,"No.23, Kurunagala Road, Polgahawela.",7.3274866,80.2934522,Cargills,
1332,FC MATTEGODA,"No. 146/83, Salmal Pedesa, Mattegoda",6.8135488,79.9724245,Cargills,
1452,FC THALAWATHUGODA,"No. 205/S, Pannipitiya Road, Thalawathugoda",6.8758648,79.9391936,Cargills,
1344,EX DEPANAMA,"No. 205, Borella Road,Depanama,",7.873054,80.771797,Cargills,
1348,EX PUGODA,"Cargills Food City, Hanwella Road,Kospitiyana,Pugoda.",6.9750337,80.1180967,Cargills,
1354,EX CTG PILIYANDALA,"No. 120, CT Gardens,Gangarama Road,Thumbowila,Piliyandala.",6.8017575,79.9227313,Cargills,
1346,EX MAWARAMANDIYA,"No. 470,Delgoda Road,Mawaramandiya.",6.9896112,79.9738229,Cargills,
1465,FC DALUGAMA,"No.334/ Dalugama, Kelaniya",6.9517846,79.9132991,Cargills,
1362,EX PITIPANA,No. 254/ F - Avissavella rd. Homagama.,6.8444164,80.0065919,Cargills,
1347,EX MULLERIYAWA,"No. 378 / Avissawella Rd, mulleriyawa, angoda.",6.9367411,79.9270364,Cargills,
1363,EX SIDDAMULLA,"No: 77, Sangarama Road,Siddamulla,Piliyandala.",6.8017575,79.9227313,Cargills,
1473,FC STANLY TMW,"No. 143/5A, Stanly Thilakarathna Mawatha, Nugegoda.",6.8649081,79.8996789,Cargills,
1378,EX RUKMALGAMA,"No. 33A,107/108,Rukmalgama,Pannipitiya.",6.8463993,79.9484346,Cargills,
1380,EX POKUNUWITA,"No.07, Colombo Road, Pokunuwita",6.7288686,80.0297389,Cargills,
1447,FC KOTTAWA 02,"No. 867, High level Road,Kottawa.",6.8411652,79.9654324,Cargills,
1382,EX ARANGALA,"No. 462/2, Arangala Junction,Hokandara",6.8743192,79.9696277,Cargills,
1479,FC THALAHENA,"No. 723, Thalangama North,Thalahena",6.9123126,79.9514464,Cargills,
1392,EX GONAPOLA,"No 105, Horana Road, Gonapola",6.7563403,80.0171609,Cargills,
1396,EX HAVELOCK CITY,"Club House Building, No. 324 ,Havelock city , Wellawatta.",6.8755308,79.8609984,Cargills,
1487,FC PELAWATTA 02,"No.470,  PANNIPITIYA ROAD, PELAWATTA",6.40053,80.2120618,Cargills,
1489,FC UDAHAMULLA,"NO. 465& 481. OLD KOTTAWA ROAD,Udahamulla",6.8665559,79.9150724,Cargills,
1730,EX PANNIPITIYA OLD ROAD,"No 257, Old Road, Moraketiya,  Pannipitiya.",6.8463993,79.9484346,Cargills,
1491,FC WERAHERA,"NO.202,PLILIYANDALA RD,WERAHERA,BORALESGAMUWA.",6.8409891,79.9017187,Cargills,
1747,EX ICONIC RESIDENCE,"Iconic Residance , No 110, Parliament Rd , Rajagiriya",6.9094108,79.8942538,Cargills,
1744,EX RAJAGIRIYA FAIRWAY,"No39, Perera Mawatha , Kotuwegoda",5.9450937,80.5528729,Cargills,
1496,FC KAWDANA,"No.10 Attidiya Rd,Kawdana",6.8384853,80.3039419,Cargills,
1750,EX MAGAMMANA,"No. 342/1 , Kahathuduwa Road ,Magammana ,Homagama",6.8432762,80.0031833,Cargills,
1551,FC PILIYANDALA 02,"No.134,Moratuwa Rd,Piliyandala",6.8017575,79.9227313,Cargills,
1493,FC HOMAGAMA 02,"NO.100, HIGHLEVEL ROAD, HOMAGAMA",6.8432762,80.0031833,Cargills,
1557,FC THALAPATHPITIYA,"270/D, Thalapathpitiya Rd, Thalapathpitiya",6.8693785,79.9234678,Cargills,
1752,EX KALUBOWILA,"No.2/A, Peris Rd, Kalubovila, Dehiwala",6.8559485,79.8629683,Cargills,
1568,FC MILLENNIUM CITY,"No.383,Millennium City,Oruwala,Athurugiriya",6.8723185,80.0003875,Cargills,
1561,FC WELLAMPITIYA,"No.214, Colombo Road, Wellampitiya.",6.9424282,79.9045771,Cargills,
1569,FC ARAWWALA,"No: 675/1, Arawwala,Pannipitiya",6.8463993,79.9484346,Cargills,
1575,FC HOKANDARA,"No: 450, Pannipitiya Rd, Hokandara",6.8743192,79.9696277,Cargills,
1563,FC WIJERAMA 02,"No: 562, Gangodawila, Nugegoda",6.8649081,79.8996789,Cargills,
1564,FC KOLAMUNNA,"No: 78/E, Madapatha Rd, Kolomunna",7.873054,80.771797,Cargills,
1580,FC KATTIYA JUNCTION,"No.30,Old kesbewa road ,Gangodawila,Nugegoda.",6.8649081,79.8996789,Cargills,
1582,FC GODAGAMA,"No. 179/1 ,Borella Road ,Godagama",6.8516746,80.0327001,Cargills,
1558,FC KOSWATTE 02,"No. 07&7/3 ,Denzil Kobbekaduwa Mawatha ,Koswatta",6.908863,79.9313567,Cargills,
1588,FC HOMAGAMA 03,"192,ATHURUGIRIYA RD, HOMAGAMA",6.8432762,80.0031833,Cargills,
1578,FC KELANIYA 02,"No.284, Old Kandy Road,Kelaniya",6.9517846,79.9132991,Cargills,
1583,FC SARANANKARA ROAD,"No :23 Sri Saranankara Rd, Kalubovila, Dehiwala",6.8559485,79.8629683,Cargills,
1590,FC ATHURUGIRIYA 02,"No.91, Godagama Rd, Athurugiriya",6.8723185,80.0003875,Cargills,
1542,FC KADUWELA 02,"No: 134 Colombo Rd,Kaduwela",6.929061,79.9827754,Cargills,
1541,FC HIMBUTANA,"No. 174 ,Himbutana Road ,Mulleriyawa.",7.873054,80.771797,Cargills,
1596,FC MALABE 03,"No. 412/2  A-B ,Athurugiriya Road, Malabe.",6.9060787,79.9696277,Cargills,
1903,FC KOTIKAWATTA 02,"No.161 kudabothgamuwa, Angoda",6.9367411,79.9270364,Cargills,
1771,EX JAYA MAWATHA,"No.1794, Jaya Mawatha, Dedigamuwa",6.898019,80.026944,Cargills,
1540,FC DEPANAMA,DEPANAMA,6.8604633,79.9446302,Cargills,
1547,FC GOTHATUWA IDH,GOTHATUWA IDH,6.9288713,79.9027493,Cargills,
1618,FC POLGASOWITA,POLGASOWITA,6.7899358,79.9808143,Cargills,
1652,FC KIRIBATHGODA 03,KIRIBATHGODA,6.9778284,79.9271523,Cargills,
1654,FC MAHARA,MAHARA,6.9908661,79.9395566,Cargills,
1657,FC OBESEKARAPURA,OBESEKARAPURA,6.9189465,79.8898816,Cargills,
1665,FC KIRIBATHGODA 04,KIRIBATHGODA ,6.9778284,79.9271523,Cargills,
1679,FC HOKANDARA 02,HOKANDARA ,6.8743192,79.9696277,Cargills,
1681,FC PITAKOTTE 02,PITAKOTTE ,6.8808992,79.9052768,Cargills,
1682,FC DELKANDA 02,DELKANDA ,7.327277,80.6382627,Cargills,
1683,FC ATTIDIYA 02,ATTIDIYA ,6.8261828,79.881483,Cargills,
1698,FC KOTTAWA 03,KOTTAWA ,6.8411652,79.9654324,Cargills,
1794,EX MILLENNIUM CITY,MILLENNIUM CITY,7.121557,79.9101748,Cargills,
1833,EX NSBM,NSBM,6.8202297,80.0395329,Cargills,
1894,EX HOMAGAMA (KATUWANA ROAD),HOMAGAMA (KATUWANA ROAD),6.8341477,80.0039686,Cargills,
1907,FC RAJAGIRIYA 03,RAJAGIRIYA ,6.9094108,79.8942538,Cargills,
